Energy(eV),OscStrength
2.196622524265912871e-03,1.914784001030662209e-11
3.672752651884273606e-03,3.028808133672312740e-08
3.676834485395078216e-03,3.079032208514004923e-08
6.240369273598000109e-03,9.155472482055036550e-13
6.326306260222372586e-03,8.157925802106910561e-13
9.867517190665555521e-03,1.995436216179895554e-05
2.155678434833536994e-02,2.492027788622149013e-07
2.155956787837278246e-02,2.871152915034031789e-07
2.361990182333819840e-02,7.071953037715546499e-08
2.368101657558943640e-02,7.676951621712371055e-08
2.573657218068202412e-02,1.140828113031143029e-08
2.586187156584590988e-02,1.909607934827798504e-07
2.589925595823481044e-02,2.172979755582224724e-08
2.629915657812444477e-02,2.611920496400025872e-06
3.192574603247951698e-02,4.149076247969942223e-07
3.207418378083354976e-02,3.954399227239669820e-07
3.501462026951332462e-02,6.651137998556346112e-09
3.693466739595813175e-02,7.601620338680665372e-07
3.696328155222103340e-02,7.502815934836160823e-07
3.721331247814656934e-02,4.613423755307377023e-08
3.800031928955132504e-02,4.760073954475117433e-06
3.803090024133849029e-02,5.318679516287017348e-06
3.883332348067426026e-02,1.165446952922433654e-06
3.891089690483694186e-02,1.132159220585464538e-06
4.738220781733119835e-02,7.137098601280558632e-05
5.176686281541299089e-02,5.882030061965011361e-06
5.189745737774741768e-02,5.758883822218013584e-06
6.071119397776569143e-02,2.527524426038165960e-07
6.081983638475305098e-02,6.055108384516909921e-05
6.104521636735248113e-02,4.923222402862524915e-09
6.106374006266460791e-02,4.339606429756514191e-06
6.291766594095619947e-02,3.052825772539814509e-10
6.666973749397574200e-02,2.642722962566282884e-03
6.879125508128917932e-02,9.951380786646221707e-08
6.885016119584499994e-02,8.628132847532306222e-08
7.622584679053522050e-02,1.304094621751657680e-05
7.628648675831892212e-02,1.332706345191511866e-05
8.650023108837368024e-02,2.067626028330651471e-06
8.650356537575075444e-02,2.074019101466285821e-06
8.851953457239003509e-02,1.305666673200947818e-04
2.120975744201105406e-01,8.698216661213104153e-07
2.122422831388188214e-01,8.823933339173800617e-07
2.181096234829482672e-01,1.053903830792420184e-06
2.181987463579503073e-01,1.785992782378732995e-06
2.182580326784537561e-01,2.609343106476618275e-06
2.183416165717328716e-01,2.155922702613065036e-06
2.483967831370128554e-01,2.877323668325311078e-10
2.761347278007592054e-01,3.734228017412214573e-06
2.761945141660824277e-01,3.385391561516195437e-06
2.793595769042654386e-01,6.867715697276589118e-09
2.808275212021542067e-01,6.700516614064126969e-05
2.808430558585709447e-01,2.992220679368998538e-06
2.810237501791443826e-01,7.702760401875411974e-04
2.814723302302581942e-01,6.948618116530198601e-08
3.005926396581515281e-01,8.985874897228172649e-04
3.039326734571570765e-01,2.546699533905576738e-05
3.041416946073222660e-01,2.299762411607266576e-05
3.403804840605981208e-01,5.443478348208686136e-04
3.435022876263853497e-01,6.716686356574516677e-10
3.435882850408741862e-01,7.505818206670006524e-10
3.512210645150863897e-01,8.469740148223648540e-03
3.893291140873744727e-01,5.030369258285657858e-06
3.894102119110420257e-01,4.835644780525094507e-06
4.058360883706561562e-01,3.929180519631351690e-08
4.058962708859506496e-01,3.358386632213824524e-08
5.285896729969389307e-01,8.286407703374459865e-02
6.982397437189914458e-01,6.623512727723202627e-05
6.982988191766332786e-01,6.713933770224299595e-05
7.114818918313809970e-01,4.718804529954789308e-03
7.115099273731925189e-01,4.746485655239525772e-03
7.257916955038778983e-01,1.402574460193170758e-06
7.259303547562888648e-01,3.150657698108057089e-06
7.446545438909655257e-01,2.828521003419362523e-02
7.609691191280693046e-01,8.847788415039422422e-07
7.610551212772747043e-01,8.765283901742984802e-07
8.060147084139854812e-01,3.734974357118069337e-03
8.232516416802804216e-01,6.972777152058300720e-09
8.294378961316408727e-01,3.082852150222477456e-06
8.295237719226428164e-01,3.206161531457072325e-06
8.428573615725089008e-01,1.088778851142333665e-02
8.430207915084073633e-01,1.079892476727335217e-02
8.669610397592586448e-01,1.308026338461904491e-02
8.672531979104908251e-01,1.303213713922397009e-02
8.869901629399246090e-01,2.296923041203411157e-04
8.919379423392249651e-01,1.023854224092302812e-05
8.919993217292327969e-01,1.031528711352690139e-05
8.922158284829186936e-01,4.283754375850502555e-07
9.001394255523179622e-01,5.271878365561622447e-03
9.002548124387923512e-01,5.347121598936085442e-03
9.062292751345241149e-01,5.315878741678540208e-03
9.063869949801742765e-01,5.050107595403623834e-03
9.097804255658442640e-01,1.800826218327343722e-06
9.098633999511981374e-01,1.326012907700420236e-06
9.100531583872989438e-01,1.265285545262363329e-06
9.101421486480745227e-01,1.124485397526523367e-06
9.397923670889601899e-01,4.903464060123888246e-03
9.399847656250722716e-01,4.944076042913473495e-03
9.504154561494522202e-01,1.032179668052939965e-06
9.571017563906133452e-01,5.163889902470958056e-04
9.572022200714132012e-01,5.112175152378307073e-04
9.689502202016246901e-01,1.364795419766331314e-03
9.722099757714578461e-01,3.163424125910126971e-06
9.722663378321292349e-01,5.094213426106249557e-07
9.725017597336308439e-01,3.734866916714301582e-07
9.725578524029944161e-01,2.122610853375477103e-06
9.751664424537043185e-01,4.227046049291144337e-04
9.752423934551592843e-01,4.247659930317123234e-04
9.949840901890628642e-01,2.564702072832987217e-07
9.965047282399049910e-01,1.389479230426010727e-05
9.965903120052475028e-01,3.783599982693150579e-06
9.967906535642663268e-01,1.579777460759466845e-05
9.970780805672639913e-01,7.833631201008842016e-07
1.009114642869869849e+00,4.994622458746578696e-04
1.009247310668291764e+00,5.540621369847191632e-04
1.013027064917128017e+00,1.317738941007766873e-03
1.019243626792003754e+00,4.076070451369387176e-04
1.019503226190801026e+00,4.437926719416021679e-04
1.024104407192402144e+00,2.376444539259740712e-07
1.033233130068759387e+00,4.759143237416998815e-05
1.034125628808448605e+00,1.257393614510853540e-03
1.034149039199791176e+00,1.232082895991195096e-03
1.037247647835391362e+00,1.981990917531645593e-03
1.043631142004154411e+00,1.328620970096157546e-02
1.043718294660352930e+00,1.327199775791132637e-02
1.050692722069322960e+00,7.884045621196408335e-07
1.054235860346883547e+00,3.462732590552954542e-05
1.054306287096575145e+00,3.066930523539558730e-05
1.054509865571123584e+00,3.066417576733265792e-05
1.054639845681647925e+00,1.419352874196764335e-05
1.059100242959415183e+00,1.641562636592195432e-07
1.059186219392342698e+00,2.207328296703772219e-07
1.059420330186814363e+00,2.245842339409387712e-07
1.059506222656400931e+00,1.586979157703750548e-07
1.070459459707195249e+00,1.163720477366649888e-06
1.070545285104272271e+00,1.169441813774964135e-06
1.071768015515366823e+00,8.441039077252870991e-04
1.077036705397957705e+00,1.157247143890748926e-04
1.077291840533427747e+00,1.033623972497502022e-04
1.082352042495654976e+00,2.000047502963948629e-05
1.082417324270426695e+00,1.280239412566420194e-05
1.085770708097746340e+00,1.189481045478277006e-03
1.090802529239591978e+00,1.835944473454101921e-06
1.092473460205194646e+00,4.923432739597833653e-03
1.097337846612617573e+00,7.267922858928001217e-03
1.097542586461218717e+00,7.370583945884049901e-03
1.101767249252202818e+00,1.852184306884903115e-03
1.102116334154990218e+00,2.014301549342758374e-03
1.106814804841036892e+00,3.473819083271155223e-04
1.107276188223699664e+00,2.440394851818643426e-04
1.109129399928161286e+00,3.081901758326416156e-03
1.116810827542594975e+00,7.953996490370471426e-07
1.116896760762420948e+00,5.909800684948080046e-07
1.117102499975853425e+00,7.032920243875729247e-07
1.117188424486956766e+00,6.822711926789105825e-07
1.132917960218577713e+00,9.303365290407591222e-06
1.132977915267934899e+00,9.066932080522064385e-06
1.136509364649333609e+00,2.494102488150307795e-06
1.143045216823609156e+00,6.796395154946597277e-07
1.143131925165559837e+00,6.810426749797237565e-07
1.146556294592118164e+00,1.078687916733927186e-02
1.159526298233205521e+00,4.975371783855787053e-04
1.159829423650246438e+00,4.756554341945183509e-04
1.169854016761045168e+00,1.203722445364344747e-03
1.170022682371153477e+00,1.206268210572566902e-03
1.185999755127381317e+00,1.238754273181492515e-03
1.203966733035098047e+00,9.826051375525495662e-05
1.204027739437251165e+00,9.878843407934739427e-05
1.230030842531363078e+00,2.269174207822180998e-07
1.230085074852215410e+00,1.689867425380558622e-07
1.232551600886098164e+00,3.642098972262757600e-08
1.232630608802958827e+00,4.144645138621347832e-07
1.232678520604554517e+00,2.716116388126672796e-07
1.233596279668128126e+00,5.072823407593082989e-06
1.233630164069943858e+00,1.788344759619974744e-07
1.233674200314063940e+00,7.505295181426722647e-06
1.234183675981422423e+00,6.487162843553971780e-10
1.244961186009051701e+00,4.308956010202979157e-04
1.245215012385585851e+00,4.533589191198989562e-04
1.252671423454349897e+00,2.869182874951007982e-03
1.254839588745339851e+00,8.406945539847893688e-04
1.256197814610051866e+00,1.211707544081236653e-04
1.256283663543043216e+00,1.189968266492704221e-04
1.266433072583906139e+00,7.687052192793307026e-05
1.266573327737199550e+00,8.258423740301076388e-05
1.270326114940112383e+00,6.078839839404994750e-06
1.271121854342923907e+00,6.360788896040871091e-04
1.271192549876238198e+00,6.310866005787528488e-04
1.272742666803862832e+00,7.326745682170074077e-04
1.273339565512587201e+00,6.625759395342326313e-04
1.273426220133510922e+00,6.466624565498611723e-04
1.277368606821877250e+00,1.844439457359671530e-06
1.291957061436821874e+00,7.839024437888223584e-06
1.292881290746429546e+00,1.246786746508329219e-08
1.292967233434962226e+00,1.339212068431916079e-08
1.296224529706788475e+00,1.776691663940721469e-08
1.296264157617061041e+00,1.549068932372635711e-08
1.296310314345706871e+00,1.433871138305397683e-08
1.296350229702067702e+00,1.531439676044684505e-08
1.310926235449420441e+00,8.499683341422146696e-03
1.311159571623283782e+00,8.658989700118347593e-03
1.313068665877911156e+00,2.257851860561631594e-05
1.313448363477760283e+00,3.283293763920965610e-05
1.334838398534927695e+00,8.589253236148018750e-08
1.346250327849302986e+00,6.211355049798519476e-03
1.361564481420635131e+00,2.616654859717686740e-03
1.362339826508725205e+00,2.909576578798398188e-03
1.365997911564876599e+00,6.763507603362089928e-05
1.374850464955966522e+00,1.851988216664113133e-05
1.374940070677167503e+00,1.307113838837986803e-05
1.375193729924126584e+00,1.486134102595508679e-05
1.375231776327434430e+00,1.472077457168748320e-05
1.398165129149362862e+00,1.175318516920987417e-03
1.398577484855426434e+00,5.396676497310494208e-04
1.401761263874303332e+00,4.629313015672181786e-03
1.402634301420253804e+00,5.181521607991019206e-03
1.403042028851206213e+00,3.939196217093556517e-03
1.408430829262931283e+00,1.988980983193411724e-04
1.410938421385455221e+00,8.909865627814294867e-07
1.415200708674641650e+00,5.908340774599856252e-04
1.415590808256417255e+00,1.358992911415221562e-03
1.416087565417667893e+00,1.707262649377764641e-03
1.418461717693664026e+00,1.734353938326497341e-03
1.424278718355431961e+00,8.256764594152280151e-05
1.424377088786872525e+00,3.749605528742194028e-05
1.424461560991353348e+00,8.033301497073887330e-05
1.424545801280837409e+00,3.544361899339762813e-05
1.425926429849361909e+00,1.838503855182672952e-02
1.431779186978545892e+00,8.039185347408571436e-03
1.437463671514319641e+00,3.476667812874382602e-07
1.437549426003573050e+00,2.720004517483678979e-07
1.437778288942509253e+00,4.373731318321352064e-07
1.437864318271335318e+00,4.196135548676898157e-07
1.439797933699672017e+00,1.917613119205319313e-03
1.440216570023910236e+00,1.950040706130353732e-03
1.447290534979560395e+00,2.862679116962445289e-04
1.450055538034521696e+00,4.527120122574306645e-04
1.450349440352521224e+00,6.821992060326460003e-04
1.459613436353578431e+00,2.419189075565836983e-03
1.459831722312091129e+00,1.387042699368855152e-03
1.460650781304136059e+00,2.218496374508848335e-03
1.472248440256690438e+00,9.231460828792649453e-03
1.473592456875245205e+00,9.919168345646309226e-03
1.474355784107061806e+00,3.461028506771508806e-02
1.477173700426251735e+00,3.429052999229445509e-02
1.485239159701613243e+00,8.427970851413028365e-06
1.485303895709395583e+00,5.680183504600514739e-06
1.486893721605033081e+00,6.653669811367635168e-07
1.486996911327954196e+00,1.024309210130627738e-07
1.487060058804084095e+00,3.101720213638327353e-07
1.487130323431991252e+00,8.466249732377904516e-07
1.487728495985575661e+00,1.345142799723683343e-04
1.488951630393527514e+00,2.892064598170711060e-03
1.492555495629578788e+00,1.635788210935707268e-02
1.502598538256578520e+00,4.545548939256528753e-02
1.503090870742340712e+00,4.322107521784416401e-02
1.509504865746471802e+00,1.907477235093886503e-02
1.512226106760946820e+00,8.065563300209845467e-04
1.512409245561243454e+00,1.059136564147504555e-03
1.514347999097873876e+00,1.089216875294547027e-06
1.515770003456196502e+00,1.954795308250650149e-02
1.522830105399030964e+00,4.670923860239390574e-03
1.523533409404000505e+00,7.100519238150580434e-03
1.533422611784284628e+00,2.638438535387353789e-02
1.534689618265991484e+00,2.854289328990594968e-02
1.547814329762018604e+00,4.310825718365978155e-06
1.547900304811822947e+00,3.902421324429115320e-06
1.567167227694169052e+00,3.915630317799422000e-03
1.567310867371025207e+00,1.441330691888468261e-02
1.567395224013345967e+00,1.098710584668280768e-02
1.590946092487508290e+00,1.907942020196345671e-07
1.592647833818024994e+00,3.086270844642652594e-03
1.593727457297110517e+00,5.348136639851369369e-05
1.594142348206582849e+00,1.006650778566028697e-03
1.597267923021800762e+00,1.640599612557028719e-03
1.624751350806641570e+00,3.479528499435979839e-04
1.632043252967618763e+00,8.373899374325785181e-04
1.633178100565106705e+00,2.703165888870875770e-04
1.640506374499228981e+00,4.507851112018164928e-03
1.643117306564186864e+00,6.744592117103229666e-04
1.643240709803914568e+00,5.517611797872264525e-04
1.654999258685245556e+00,1.946386603674236015e-06
1.656204287897232508e+00,7.495370388983208605e-04
1.656390263489587289e+00,8.240562696542885359e-07
1.656476497770876355e+00,1.114571676444426381e-06
1.660592959760017528e+00,4.999986312483829277e-03
1.663115687632253037e+00,1.942624807668958406e-03
1.671632490437917395e+00,1.501184358954837044e-05
1.671897789632196485e+00,6.381528782743310611e-06
1.677313150535436170e+00,2.367946658528417847e-02
1.695633677398324934e+00,1.278506080932341029e-08
1.695675524281725410e+00,2.617724864864695827e-08
1.702044781857311673e+00,5.338496949850327273e-08
1.702233943369156455e+00,3.725750098629651687e-06
1.702239835409887325e+00,2.217085469098444324e-06
1.703678698431466243e+00,3.461596348550292955e-04
1.704024553120413676e+00,8.251898596188330824e-04
1.709469363814138054e+00,1.237553035484552713e-02
1.709830906769000958e+00,2.501445765416203761e-04
1.711851985155161904e+00,1.540632938702423543e-02
1.716972750419609506e+00,2.232908104682805595e-02
1.720207311126650707e+00,1.950913116860296739e-02
1.727788671483675875e+00,2.380706482874853083e-05
1.727891093553113766e+00,4.122240910099925811e-06
1.728009161001644811e+00,8.748479792047600431e-06
1.728044946981330154e+00,4.260724290783465525e-05
1.728061988621144129e+00,3.937104978530112204e-06
1.728147320881226578e+00,1.776739565752812706e-04
1.733613381561791567e+00,9.783792710610989679e-03
1.740849577549814953e+00,3.636530283354016751e-05
1.740899724575995400e+00,8.234206655503155164e-05
1.741494429836259128e+00,2.270557259485611593e-06
1.741541802878397993e+00,1.997664584435166367e-06
1.752391594988385037e+00,3.181573018620785075e-03
1.758284300274671530e+00,2.056005887519334052e-02
1.762941467410514607e+00,7.109440666046839283e-04
1.762983914288618781e+00,2.850541184631889369e-04
1.763025062415283672e+00,5.986065888067756291e-05
1.763064263964449374e+00,1.981734994215701544e-04
1.763719559617845656e+00,2.221145777993504752e-02
1.765242417106009709e+00,5.095860048889076614e-03
1.767775638222680801e+00,1.232189367097401463e-02
1.771686007276756625e+00,1.851489465727294685e-08
1.773262983799182457e+00,4.380030316398601797e-03
1.775487610539173255e+00,4.807439043064816626e-03
1.779419535668830044e+00,6.725205162519399789e-04
1.781627416183028556e+00,8.837413224949993004e-04
1.782494933405958548e+00,1.879303856294070292e-03
1.784029777686402696e+00,6.793089181863796143e-03
1.790350093388282771e+00,1.655050359822706076e-10
1.790674116347547473e+00,7.341763010903910176e-07
1.790760260003906978e+00,5.388929672320668505e-07
1.803429996961359638e+00,1.337478101753679093e-06
1.803515247089356066e+00,2.852279413484871050e-07
1.803605739492244009e+00,2.104547902674588734e-06
1.803765345792763819e+00,2.104933363098361661e-06
1.812856808439623046e+00,2.159115936396499482e-03
1.816723401898965751e+00,9.759743865376223348e-06
1.830732322267819789e+00,1.469304107521774523e-03
1.833476402643241077e+00,9.585978939287564869e-07
1.833551690557409630e+00,6.410214232828854784e-07
1.834438310393082139e+00,4.878222895205391353e-03
1.838239518984459364e+00,5.939524675748144786e-03
1.839115945350326964e+00,3.409275150589074544e-05
1.839172954678085503e+00,8.445174363472178849e-06
1.875427320647085505e+00,3.944536328077004009e-12
1.881976652751267354e+00,2.785264243250015191e-09
1.882063367141067367e+00,4.448224031918925254e-07
1.882494641086767340e+00,1.409222076750419814e-02
1.885494554096904141e+00,1.604497496323492936e-02
1.888772042532238071e+00,4.003572299992051424e-06
1.889093684805279949e+00,3.426643120576641898e-06
1.898188238068357236e+00,6.585897513735607112e-02
1.903827570167138328e+00,1.388305170134235264e-06
1.907585797272343120e+00,1.254438078646650349e-05
1.907746895498774853e+00,1.504332885081652015e-05
1.920662757630398954e+00,1.214909485145296112e-09
1.930992728365710454e+00,3.102147936424504187e-05
1.931364542341634127e+00,3.051063611247825118e-05
1.942720494512339080e+00,5.326248796476734189e-06
1.942780335453772489e+00,5.404647931713434899e-06
1.946592277938463678e+00,1.795431778840775905e-05
1.946883118036838667e+00,1.601249745564202915e-05
1.954169405855050057e+00,2.925911744587160381e-03
1.954186247838331392e+00,3.021286288980167684e-03
1.968983370812050548e+00,1.231360414982401660e-03
1.969269329046648309e+00,7.561506797615415729e-04
1.969403153624790681e+00,8.297743913738263874e-04
1.969669140300407850e+00,4.163956542209092853e-04
1.991738288509604660e+00,3.270692336830807734e-01
2.003562945455383382e+00,3.662331311926626809e-02
2.008564370553413969e+00,3.965069640071884616e-02
2.010031675037931453e+00,5.110977404680256157e-04
2.013494143165521333e+00,7.951058245288110393e-02
2.018653730085651965e+00,7.773099657814229457e-02
2.025698958910907788e+00,1.234179935968391165e-02
2.026689335132312753e+00,2.903678838923145610e-03
2.027088273561858944e+00,2.517522391674356370e-04
2.027488924151991778e+00,2.190753525356929654e-04
2.028654273522725315e+00,1.868444183969857758e-02
2.037800133807250003e+00,1.940209785668383424e-05
2.045675684599459032e+00,6.857652471409202957e-06
2.045768800310193480e+00,5.245578346958648411e-07
2.046464407616034986e+00,1.496237424159105045e-01
2.050169735781565361e+00,5.558977235881095273e-07
2.056363356174734314e+00,1.073347535505015540e-07
2.056449406585141304e+00,1.322555547805381213e-06
2.060019878989308495e+00,2.500891377275089194e-04
2.060206263669882798e+00,1.078302963017347646e-04
2.066111540826032211e+00,2.362875292614358093e-07
2.066205820169669582e+00,3.728185041883230574e-07
2.066273991127020704e+00,4.150165432224431601e-07
2.066349838371393410e+00,1.605244669735489232e-07
2.070159754022825371e+00,9.507072947129002326e-05
2.070406546400752390e+00,8.611413564003046143e-04
2.082195049528095421e+00,1.255555093406521550e-01
2.086441417382244534e+00,6.528920155640435125e-04
2.094922777677752812e+00,7.966129232322403402e-07
2.098643355027816515e+00,7.584199017664831042e-05
2.098890986353936228e+00,1.488117587998277899e-04
2.104530242546131635e+00,3.146729866260534244e-03
2.104564325045869655e+00,1.386055707032179084e-03
2.105710747230848945e+00,2.413199508906613072e-04
2.105805530386148483e+00,3.355466904085759473e-04
2.107329555418271827e+00,3.673421172764717961e-03
2.107361547447952788e+00,1.741599246236615441e-03
2.107442375848333160e+00,3.337530713438066881e-03
2.121045377693722589e+00,1.480021092826245860e-04
2.121153419792816575e+00,1.800492076188833182e-04
2.122457071850774479e+00,7.402101372517794487e-10
2.123129803188664066e+00,2.743707334257960788e-04
2.123188585703570830e+00,2.663754147350833631e-04
2.125813165567576934e+00,1.242915658123138832e-07
2.125851028780701757e+00,6.550613176707642828e-07
2.125892926973670161e+00,4.056532730855611669e-06
2.128608825974773744e+00,6.808380141145208094e-07
2.129664663385543388e+00,8.332214086919129776e-05
2.129708332993542896e+00,8.399009983481545041e-05
2.130926670736197792e+00,1.528315792823214936e-04
2.134977250317767528e+00,1.019317576853090867e-06
2.135025363919682118e+00,9.951486950646429521e-07
2.138384256296062880e+00,1.427433067437453116e-04
2.141499214829797104e+00,1.134086308678757107e-06
2.141541708011699630e+00,8.336920949381481443e-07
2.141580915844334410e+00,9.414556237995901740e-07
2.141649527078802517e+00,4.890269697532558076e-07
2.152229624017130583e+00,1.058220501396308277e-03
2.154715320230956355e+00,4.430232140444706306e-03
2.155467189308522880e+00,1.419807800441316833e-04
2.155568188484149328e+00,3.404742509716824402e-03
2.155839657933160236e+00,1.736909763574680503e-03
2.167079540675200811e+00,1.364400258937909988e-05
2.167247785588569009e+00,1.764895716680695004e-02
2.168485065835572989e+00,2.476752989432096401e-04
2.168531576785873494e+00,2.491175582765828202e-04
2.170516040646726985e+00,8.159362048896497827e-03
2.181279425678420925e+00,4.696293805600622491e-04
2.181329359900912035e+00,4.464337648971754237e-04
2.201930997947850965e+00,1.882658841562005543e-07
2.202187367908611915e+00,2.270770676688834441e-04
2.202251041921894803e+00,1.815970903726518974e-07
2.202293277170039421e+00,6.548060100544320032e-06
2.202364050274349783e+00,8.931404266655959851e-06
2.202399418520200935e+00,9.062022317766420159e-06
2.202823112579146869e+00,5.897635727430772773e-07
2.203098663988476424e+00,4.046978832383701733e-07
2.205210824209749898e+00,3.547942017601957138e-05
2.206235125731753843e+00,2.764385244410422190e-06
2.206382505266712091e+00,6.686127508617842425e-06
2.206541018282625721e+00,2.387774924246839292e-06
2.215620048946085330e+00,3.881819312660704730e-04
2.259641176400684515e+00,6.694509703061851793e-07
2.259932850324291032e+00,7.005383235629701812e-07
2.267164431161293070e+00,5.679319776441302367e-05
2.267480893506996331e+00,4.653087422903833323e-05
2.273898600804078018e+00,6.015189657450776542e-05
2.276962183768709735e+00,6.633731294322860487e-04
2.277000991922380368e+00,6.331697478049016017e-04
2.287296236286090689e+00,5.423075385599157835e-06
2.290890360264915770e+00,1.560213900036198642e-01
2.295864835042063401e+00,1.553919212436434827e-01
2.316637738198945584e+00,2.015896496819496607e-04
2.316803313245268114e+00,2.753283864893965073e-04
2.335795960785657766e+00,2.179128212216476304e-02
2.336788610385415410e+00,2.190412726377663835e-02
2.347650198061896010e+00,1.262903870748438421e-04
2.348156264466151555e+00,4.586028081440509307e-04
2.348620155414646860e+00,1.573211425439526197e-03
2.348801113561421072e+00,1.760487008791576441e-03
2.377789297983043948e+00,8.941336508771362191e-09
2.394187791039952717e+00,7.076195351773223452e-02
2.396975800740336560e+00,2.929030950291791439e-04
2.397085012870636689e+00,6.809484179605914973e-04
2.397199097735425610e+00,7.620702464981403673e-04
2.397431920647937975e+00,6.477604828900830820e-05
2.430199031974098034e+00,1.014689091612720971e-09
2.435712202047560115e+00,2.514677019257864571e-07
2.439055006304575279e+00,7.375168290990527616e-07
2.439094775985949148e+00,9.275589858901468180e-07
2.449526716693860351e+00,1.797121684097591232e-04
2.450022360341190808e+00,1.501911786052764688e-04
2.452420364826330079e+00,2.835327284844884260e-05
2.455444487598154701e+00,3.127815366466717362e-07
2.455532821252648379e+00,2.011205433577795926e-06
2.455945337590862199e+00,1.998136900036538886e-06
2.456029492004728532e+00,5.704639408368590619e-07
2.458192720524726038e+00,5.899139601720212794e-04
2.458253571249547242e+00,4.018959931696723306e-05
2.458336359093917345e+00,3.872291155393475539e-08
2.458482512088683070e+00,2.688101002364705686e-04
2.462934301065969667e+00,1.434163819677152134e-06
2.462976158120040449e+00,9.934942652552257945e-07
2.478271660653578845e+00,4.558949715698983329e-01
2.482419810407105132e+00,1.383787840260323347e-05
2.485076680265389637e+00,1.569300137089432723e-01
2.485739871868542838e+00,3.970340270930277499e-03
2.486146990177672933e+00,3.230298827302521564e-03
2.486689500066039393e+00,2.286964676228357418e-01
2.487079769023090581e+00,2.521057230733600787e-03
2.488693738149368784e+00,3.420752933260675331e-03
2.488934121905495012e+00,8.361835948772712579e-02
2.513748696839899655e+00,4.605893117915033433e-03
2.513955398093441485e+00,6.178255104787537706e-03
2.515039158742961245e+00,7.697755020252958734e-03
2.516510595379382487e+00,5.479377104921903316e-04
2.518292390735432651e+00,4.536419704366581422e-03
2.518539700305701956e+00,4.029249705849501616e-03
2.518974138540567509e+00,3.210428618240207706e-03
2.520084235467019429e+00,4.235109570984502332e-04
2.521219154925448347e+00,1.517227765586062239e-02
2.521445116746196202e+00,2.693829268123462684e-03
2.522188369718210144e+00,1.218089147683581834e-02
2.523193709139222030e+00,5.067471355214154399e-02
2.538986282433589370e+00,6.370361534894203419e-09
2.566768155944894492e+00,4.096189404222302900e-05
2.566969817222622741e+00,1.366278628058391765e-04
2.580293780784161495e+00,1.520925943524975193e-07
2.580608501282401157e+00,3.821591450472433661e-07
2.591317993704122635e+00,9.406292286465295360e-02
2.593024827932299381e+00,1.388687560673429189e-01
2.603930233016368501e+00,2.139695090198646781e-03
2.604115371060314654e+00,3.300333428203666014e-03
2.606609427331564532e+00,5.417216849563453313e-03
2.620882098096251056e+00,4.283225766875118409e-04
2.629745304417936413e+00,2.082151381758824921e-06
2.629897122025047995e+00,1.887340694591347516e-06
2.633465372235895607e+00,7.869549229612729209e-04
2.642729019857676942e+00,8.953255005427566129e-11
2.646580668176990780e+00,8.066069228998420937e-02
2.661718633143544288e+00,1.548193700735034373e-01
2.690645270914453047e+00,3.491225121307834211e-07
2.700854755858062006e+00,1.084734679212234320e-04
2.701432614495290707e+00,8.962071778790387487e-04
2.713453623739293441e+00,1.378243348781538126e-04
2.714426332394046959e+00,1.042065560942726518e-03
2.761058833885515984e+00,1.479759596685843399e-06
2.761100653125072579e+00,4.132457737592354847e-07
2.761378872573172938e+00,1.287810825575918629e-07
2.761420700637092995e+00,1.627930772680354162e-06
2.767320279923782156e+00,4.055873031097011194e-02
2.799221332302850751e+00,2.364023362297210555e-07
2.805122787783963734e+00,7.706023828489754485e-06
2.817911683485478491e+00,7.417207320664669489e-08
2.818769554505024644e+00,2.315804293756454612e-07
2.818811194861695846e+00,7.622453664696874834e-08
2.819061018420883968e+00,1.231191371055035912e-07
2.819103078957525987e+00,2.952198210509232023e-07
2.828343015675057970e+00,6.609186032395533922e-04
2.828480204816131494e+00,5.108519673455478400e-04
2.837112469883841026e+00,5.907197760832873001e-08
2.837432513750275387e+00,3.497071275400454631e-08
2.894822832085492070e+00,4.115319073687220203e-08
2.895114508684363042e+00,1.814415414279713842e-08
2.902281178872858192e+00,3.107574374110413403e-06
2.902329230417745709e+00,2.678533293814124683e-06
2.915521109746275652e+00,2.350558296007164427e-01
2.933504648681355853e+00,2.140669642919021737e-06
2.940853401244586607e+00,8.655928408376406118e-07
2.941173444454639796e+00,1.159179318479660566e-06
2.946260406041239843e+00,3.508904525477367636e-06
2.951239791233840837e+00,4.332552421864064307e-01
2.994840101981979696e+00,3.102007628472260142e-08
2.994881949713365188e+00,6.178036728263571302e-08
2.998183027655565880e+00,1.417281254531270185e-05
2.998222929293854477e+00,2.859115708594311089e-08
2.998224993897770752e+00,6.318057253473725739e-08
2.998264631908040823e+00,1.830929431236453915e-05
2.998563788954841325e+00,4.434292015975450669e-05
2.998855379043023461e+00,6.771896434362122401e-05
3.000857573933393141e+00,3.913517159127990475e-01
3.070893772036746405e+00,4.963239198090985918e-09
3.074236632046801532e+00,1.171699191953250899e-07
3.074276412136619285e+00,9.228283692675422635e-08
3.103221767643845830e+00,8.879585948050970132e-06
3.103542068971933965e+00,1.200880925440035776e-05
3.115592844938130046e+00,2.368678122788313151e-06
3.115912745431864028e+00,1.883797728987596249e-06
3.125450376971711908e+00,1.488865013299836916e-05
3.125611960803123424e+00,3.314717736279622270e-05
3.125761486117423882e+00,2.645153555169642946e-05
3.126033742557442707e+00,2.417758531849312212e-05
3.139422870681632727e+00,5.005942724773146031e-08
3.139465714049022971e+00,6.873989298318367068e-08
3.139738643675289431e+00,1.133000395237817336e-07
3.139779525712459662e+00,3.859015486538647659e-08
3.160933462470236321e+00,1.290956149629418567e-05
3.161225223054294986e+00,1.378427854378706226e-05
3.173377639659225480e+00,7.863936266877794908e-07
3.173667186856270472e+00,8.479181876129258251e-07
3.174634659030266537e+00,3.151704048013074511e-13
3.177977751892863800e+00,1.897585196089838383e-10
3.178017534608340355e+00,8.562822309125716787e-10
3.183197885392571092e+00,2.619169756132167880e-06
3.183471398684618592e+00,3.363604643440901951e-05
3.183581367517835048e+00,2.447829901502821746e-05
3.183957844563293449e+00,1.301667445712894236e-05
3.188872618257490910e+00,1.113690815773781280e-07
3.188914487754786364e+00,8.804798209071026337e-08
3.189024537846976148e+00,6.224966592246224432e-08
3.189066377198119806e+00,8.124128353698205609e-08
3.200403391330783887e+00,1.333577075334170841e-07
3.200451808578193447e+00,1.478994786630276721e-07
3.200723776204233761e+00,1.889240356109638849e-07
3.200771516281750273e+00,1.342719293261372052e-07
3.215475815768972900e+00,6.104575527134370874e-10
3.215790603206670983e+00,1.959786202173707752e-09
3.219673931722430993e+00,2.111089064507626258e-03
3.220177308409833739e+00,2.122555492080488264e-03
3.226183428901002070e+00,3.110028020529726227e-05
3.249772596832884108e+00,7.492940457551414567e-08
3.249814448968217473e+00,6.451357089837127646e-08
3.258113845867462999e+00,2.166415502602133959e-08
3.258162245195427520e+00,4.868512629253852755e-08
3.258405845298085968e+00,4.011414337006619359e-08
3.258453603388804964e+00,1.643670190858165754e-08
3.264925767436969384e+00,2.813130993170633921e-08
3.265077644345609542e+00,2.639309356912588752e-08
3.319217855333411293e+00,1.875570660409104649e-07
3.319532643935433125e+00,1.973090083075625462e-07
3.325825721643278943e+00,5.318365907485898770e-10
3.337002931864126776e+00,1.452019055841255158e-08
3.340343861118651336e+00,6.870427790388033115e-06
3.340383624499242199e+00,6.579244407371167597e-06
3.349336470287104461e+00,1.183329769338004508e-10
3.352754266462490307e+00,6.222401316650773966e-07
3.352792652369598336e+00,4.447058396249606121e-07
3.358347745920425620e+00,3.630164598218453988e-09
3.358389523570104007e+00,2.387199801699825269e-09
3.359111268693551366e+00,3.820152179665931091e-06
3.359262809550573436e+00,4.045138281701343156e-06
3.362497520062353029e+00,1.056149942043096658e-06
3.362627193597139019e+00,1.480063101782515787e-05
3.362694298085365130e+00,1.130866563231989521e-05
3.362852117238828598e+00,1.179778362836064910e-05
3.368666536336915929e+00,3.620961309800311278e-10
3.368818422867769780e+00,2.314415860078501219e-09
3.429566542904029625e+00,5.790268054747835578e-12
3.434184753493358500e+00,1.101884060792343710e-09
3.434232827522935683e+00,1.264832277603167958e-09
3.434401769732326137e+00,1.594807656213888411e-08
3.437527543782433970e+00,2.203456391745059518e-09
3.437567346190206763e+00,4.072226847563308244e-09
3.437575642664007614e+00,3.582012142422282349e-09
3.437615403652524382e+00,1.489998916790983596e-09
3.481586075406050806e+00,6.335313548519422152e-08
3.481900868800166027e+00,1.282016441275649662e-07
3.492632871709066666e+00,9.366494855057303890e-08
3.492674709209526274e+00,1.391433786067166095e-07
3.494291781243303863e+00,5.703611426998244060e-05
3.494611184860768383e+00,5.841993975780726181e-05
3.503813676592219206e+00,2.136197241644469705e-06
3.504318794346207522e+00,2.242033652438772787e-05
3.504410398523557291e+00,1.473974178969326127e-05
3.504926866849946254e+00,3.311495004864688208e-04
3.505388664049376768e+00,7.548680127292117469e-08
3.505430210937459989e+00,3.896124704386757488e-08
3.514821126167886334e+00,5.578775981049593976e-05
3.515654633321950939e+00,1.785751976737591604e-04
3.515888019822775767e+00,9.743460393238632152e-05
3.516700230453194909e+00,5.570444361352570612e-04
3.518353044137080055e+00,6.428568933943217640e-04
3.518636840216245787e+00,6.458490939695311472e-04
3.531038270677985036e+00,2.532018668661752136e-06
3.531190399212182474e+00,2.504529598150510891e-06
3.538142652161492485e+00,7.120175950519009580e-09
3.543448257840356330e+00,2.639352177341152154e-05
3.543606012262892069e+00,2.736452073644205565e-05
3.553304718802224205e+00,1.449503829737679798e-06
3.553356098807314734e+00,1.514927933997665998e-05
3.553415134688108434e+00,1.596832134634766912e-06
3.553750399872132260e+00,4.226622880299099675e-05
3.568686170270577218e+00,3.253917115460811917e-08
3.572575803965499119e+00,5.748826929520576624e-05
3.573516709882706532e+00,2.625194967687450752e-04
3.573791816637765351e+00,1.580973518399359846e-04
3.575304596383605649e+00,7.939895855262529617e-04
3.576501271978764773e+00,1.282508212823387948e-03
3.576870847287641819e+00,1.263481991356406146e-03
3.578767875727329351e+00,3.760924844108147240e-07
3.578815181511839860e+00,5.228128118476152034e-08
3.579081860101748003e+00,5.515001925733707668e-08
3.579130760634306352e+00,4.112098915265201427e-07
3.581441614372819604e+00,3.556897067470262781e-08
3.591962960818074979e+00,3.441853672005034451e-06
3.604289875431218260e+00,4.341482023917350455e-09
3.614346630562005558e+00,1.472630163896068883e-05
3.614496064233367001e+00,1.645787742539205615e-05
3.628217606701507503e+00,7.520448712616177630e-07
3.628266120269517003e+00,1.186657539859547680e-06
3.628369993953566741e+00,1.237968768905947945e-06
3.628417595812975183e+00,8.849367253505059526e-07
3.672426980290246945e+00,5.034574652336738369e-07
3.685181661267277420e+00,9.148800609597504834e-07
3.689117887080148428e+00,3.106433450303581859e-10
3.689165947546854341e+00,5.549817879332693147e-11
3.700519216734878380e+00,2.650163761864124159e-06
3.712875225919498590e+00,2.294790865162414582e-06
3.722798810846265294e+00,2.727154114184531661e-05
3.722909881156415413e+00,2.982036620112274913e-05
3.748980150387778654e+00,6.175945560297886280e-05
3.749457939365093750e+00,6.179753299535544332e-05
3.751648206862768564e+00,1.499406442072547381e-06
3.751868977715397513e+00,3.009266111310889431e-05
3.752267162090348940e+00,6.741212291298072151e-05
3.752478867088919312e+00,1.878292658789789492e-05
3.753061939890334653e+00,1.686895563014895985e-04
3.754846846943506122e+00,8.666928214397302170e-04
3.754935212947769774e+00,7.941615849785573899e-04
3.797693081864495834e+00,8.948031832526342445e-08
3.797740789711482101e+00,5.631592207868746005e-07
3.834793028884369903e+00,5.821595988312983480e-06
3.847244704716775932e+00,1.455100470710279711e-05
3.847549046637948056e+00,5.241140218228990787e-06
3.856961755674536363e+00,7.566920123751726250e-07
3.857181464013807570e+00,3.321756604656982966e-05
3.860015732061131022e+00,9.254466022611965913e-06
3.869779291561912693e+00,2.006983187220567240e-05
3.869922618339973308e+00,4.109141409293418079e-05
3.893358299254856991e+00,1.523367863085419051e-05
3.894063343552057965e+00,2.595288062547279921e-04
3.894417408179202678e+00,2.821097317791816900e-04
3.896154740442865805e+00,1.177971772072529486e-03
3.897840391808186755e+00,2.714255845092121877e-04
3.898447945771625012e+00,2.244695036124161552e-04
3.931970608540664269e+00,7.605422724621086308e-05
3.932016280851113432e+00,1.067618811721480690e-04
3.941966568755533196e+00,9.969600709944781425e-02
3.942502790431388515e+00,8.851792422032930818e-02
3.942699173089267095e+00,1.042035648944960972e-02
3.943700512561265636e+00,8.777762990638994164e-03
3.944139123299695626e+00,1.133283862764234567e-02
3.944801109232005665e+00,2.671940355031406870e-03
3.944839248981589108e+00,3.985884534584889678e-03
3.947808027226030081e+00,3.165955983416147371e-03
3.949415311561780939e+00,7.567046422822603334e-03
3.949839292503278809e+00,6.233404447909965743e-03
4.009959261266440755e+00,1.727885181212006956e-03
4.010435679426763933e+00,1.598957244776300600e-03
4.014697632870393385e+00,2.413026644735354921e-03
4.114357214892384818e+00,7.021135974534646086e-04
4.114464524227107844e+00,6.231352783087647359e-04
4.118517566142180897e+00,6.704656480941695567e-04
4.172259974321550935e+00,4.073137194799266239e-03
4.172296186713153610e+00,4.149288666032006564e-03
4.175225707268281461e+00,2.076219386371863477e-09
4.175254502252552236e+00,2.091002093405613342e-09
4.175311646040693603e+00,2.259416954544501230e-09
4.175340438954571631e+00,2.081103417692291940e-09
4.197538747643509538e+00,1.335450169994293126e-04
4.197690437962345200e+00,1.369865240026579075e-04
4.201022218959861831e+00,1.634333863658352634e-06
4.201678020313373452e+00,8.346838509283925720e-05
4.201694477512473824e+00,7.870205880630974952e-05
4.202572393798794437e+00,3.350962708949242140e-05
4.203648250407090003e+00,2.684966715852375590e-07
4.203731479086187051e+00,3.835110088336506486e-08
4.203797480885462790e+00,5.208892851468006314e-08
4.203885993628481366e+00,2.767465964834409578e-07
4.214207823776808581e+00,8.388333181876937055e-05
4.214236214568045646e+00,8.329565174570537263e-05
4.224583470935400875e+00,3.390611046104791986e-07
4.230095468202838660e+00,1.114839026174334795e-07
4.230798062936691473e+00,2.207682858979127653e-06
4.230884032452271626e+00,2.231957406022072246e-06
4.234960013320188565e+00,9.816456443355290619e-05
4.235102924963815241e+00,9.888612302560007125e-05
4.235596789835957665e+00,4.505457642647002386e-08
4.237832837799513364e+00,1.042508118370505198e-05
4.237845920742098649e+00,1.277133407907826296e-05
4.237895745582420659e+00,2.427089177923902924e-06
4.238148207042193860e+00,2.614324007147388448e-07
4.246458137835520397e+00,7.944716513770299141e-05
4.247219430235052329e+00,4.218441850831838001e-04
4.249710566469231843e+00,2.597735476339857745e-04
4.250444300951732757e+00,1.849635894110979970e-05
4.250559369491789141e+00,3.033772258765838343e-05
4.252261930911457100e+00,2.032217362468029286e-04
4.253815508658563616e+00,2.962710432627825401e-03
4.253912267170453454e+00,3.362880992255368531e-03
4.259211198417285793e+00,4.805764458179535322e-05
4.260160787943874539e+00,2.935734904371269886e-04
4.262845259629403749e+00,8.772000323446567556e-04
4.264839461557230926e+00,1.246008777987861559e-05
4.264938903722656605e+00,4.358579823807322067e-04
4.265724483229636377e+00,7.976853148468678869e-04
4.265729226306331334e+00,8.886758989487570249e-04
4.266770123772287704e+00,1.105820141674455703e-04
4.266908831433399385e+00,5.990376359962794762e-04
4.266981092712915036e+00,7.968662218864805673e-04
4.267075016367539497e+00,5.226359291208942893e-04
4.291350972383822793e+00,3.418310861827781591e-04
4.291413543055497826e+00,3.386280541138635071e-04
4.293959160121093355e+00,1.012961773822749660e-04
4.294018357909306083e+00,1.042493135388633676e-04
4.420957231341894555e+00,8.421880702855406332e-04
4.421465213109526005e+00,8.626318075869641956e-04
4.429309253599965857e+00,4.835199064195305958e-04
4.461932072960868467e+00,4.877885388497540942e-02
4.474210491635329134e+00,1.742528530623184684e-04
4.474238299359134530e+00,1.703152460872678440e-04
4.479805174410175894e+00,6.196760434677238578e-08
4.479825982353141001e+00,7.033920309947737633e-08
4.479891524037591388e+00,7.649758603744676565e-08
4.479911588259196442e+00,8.020842761438558070e-08
4.505457235452982268e+00,5.196603114856448042e-08
4.512371437061498902e+00,2.545291283578647308e-04
4.512504108589793894e+00,2.657811679681739109e-04
4.535464704697350413e+00,8.105196374820843692e-04
4.535868205236690542e+00,7.700653999989673544e-03
4.535987762291450842e+00,7.273709255608848054e-03
4.540998504158991089e+00,9.652986356634198349e-07
4.541988911070988344e+00,2.965712367837402695e-04
4.541990552568883288e+00,2.921650273084873319e-04
4.542391341953751827e+00,1.256089726515682393e-05
4.542868674967659004e+00,1.214211089340077638e-06
4.547074402320892439e+00,9.186121940023970339e-03
4.547163030915702286e+00,9.345266246203498203e-03
4.615692412674619050e+00,4.308220670903131419e-03
4.845225794446857748e+00,6.913563040644507139e-05
4.849617996208343662e+00,6.138279764471335006e-08
4.849703944960115365e+00,6.317133687963772519e-08
4.879451075404327653e+00,6.999455638592166906e-04
4.879620181845881532e+00,7.095311832278044639e-04
4.896331356178803773e+00,1.271548796066250412e-03
4.912250647953433358e+00,1.561648242294212963e-06
4.912309407617024171e+00,1.580014563856080431e-06
4.921431718027424296e+00,8.473282518250215044e-04
4.921467748564976041e+00,8.718316873812661594e-04
4.939552778218893714e+00,8.512323050266987212e-03
4.939594399127474666e+00,8.561290622567548775e-03
4.965310765590171371e+00,4.726286996560024071e-04
4.965461862691259221e+00,4.718941965004505058e-04
4.992915478017954101e+00,1.125555002164538927e-04
5.035448800087439558e+00,3.946340162561977121e-04
5.035519189869820167e+00,3.820908409462683191e-04
5.040620816399814075e+00,2.625878666189490095e-07
5.040680585778646972e+00,2.598695869439194253e-07
5.040707233943205523e+00,2.322945125851458777e-07
5.040766123983935643e+00,2.078910923446229594e-07
5.066381174166810553e+00,1.868886545083406714e-06
5.071109146781801691e+00,4.142174861808923039e-03
5.071204851030282512e+00,4.236493581054831883e-03
5.085583914987890530e+00,5.393618298064895011e-03
5.085710771150850462e+00,5.519944015392972206e-03
5.096016829733103215e+00,6.732199002886509083e-03
5.101940874637975298e+00,1.681016192336719900e-06
5.103266885726467805e+00,6.079480090173572555e-04
5.103270949561703240e+00,5.760643508498979005e-04
5.103496387994595374e+00,7.590143253874558245e-04
5.103748258212601918e+00,8.672588839497675527e-06
5.108310884507138994e+00,9.545775086194694878e-03
5.108364004949103254e+00,9.617284338509321517e-03
5.139856780082037169e+00,8.103214309188541166e-04
5.210594817276307467e+00,1.682329461754688880e-08
5.210740195146908782e+00,1.648197910504495461e-08
5.216966818611240342e+00,9.116217957263427758e-07
5.217320595067682198e+00,2.195958047973637891e-05
5.217355170258867858e+00,1.657024508143934045e-05
5.217440991099595138e+00,5.185714830916470815e-05
5.232341374924839528e+00,3.867852651127270231e-06
5.242659772857911626e+00,5.633327977431721761e-06
5.242799179536509868e+00,4.312273581745045072e-06
5.242834051059226397e+00,6.550860884925412527e-06
5.242979462917323197e+00,6.267107457325173349e-06
5.244894145905887761e+00,1.808695742065048739e-02
5.244942717286371625e+00,1.846797621256703742e-02
5.254041052171826820e+00,2.997816117150501909e-03
5.255721085603655141e+00,9.121483126602295297e-06
5.255866404304035733e+00,8.962774386983245184e-06
5.262967784703488583e+00,2.388089194903614493e-04
5.263228246537127397e+00,3.306551025871675483e-03
5.263532025498918188e+00,3.043383032959581444e-03
5.263609338842172747e+00,1.955590339298295729e-03
5.263760211059090643e+00,6.766568158460910774e-04
5.263989329478050649e+00,1.534601504276562585e-03
5.277869069500179755e+00,3.701806723613743242e-07
5.277954685443321026e+00,1.579249363974611437e-06
5.278036406086482835e+00,1.064759113688064529e-06
5.278090360432512007e+00,1.253470948371046394e-06
5.287330561073750879e+00,3.724748265082664305e-09
5.290041288623458016e+00,1.213419931555869326e-07
5.290361459046522441e+00,1.587686545402018260e-07
5.290841740325668674e+00,1.919239144979892491e-07
5.297029294612071837e+00,8.284669245790823281e-05
5.297037364420550176e+00,7.988069198667798832e-05
5.320090870934085281e+00,7.168399125155922621e-06
5.320638826672765553e+00,8.479735721176523762e-07
5.320952206900245507e+00,2.914322799917118996e-06
5.321067280874830274e+00,2.329100965316439092e-06
5.347740475659583659e+00,4.803029546079610757e-07
5.348031863609423731e+00,5.209054224250372554e-07
5.381850037342713833e+00,6.753369178976072196e-03
5.471299236917005260e+00,3.130174259856341755e-07
5.472840066068383358e+00,5.656893014646809884e-04
5.472854765455888781e+00,5.834726679746038251e-04
5.482047120870830348e+00,3.003095012460862967e-03
5.482096890705888903e+00,3.094083275545216928e-03
5.497254052733970831e+00,2.353734257809907441e-04
5.497398665908006521e+00,2.369844484099960713e-04
5.499380963740700956e+00,3.746489199961090203e-04
5.499981481289054841e+00,1.805514061575749457e-05
5.500107269530250420e+00,4.188292593119103752e-05
5.500175649126691546e+00,3.235006364115970489e-05
5.523795402678073785e+00,4.720030560241560688e-06
5.527130866307190082e+00,6.141417368847362264e-08
5.527170533254059492e+00,4.615116477059130763e-08
5.539175373200583508e+00,9.112543516754483043e-06
5.539355273840105731e+00,8.724463758312092816e-04
5.539697099089632815e+00,7.097881454495161345e-05
5.539713585805083440e+00,3.543534554215906443e-04
5.592248302008179017e+00,5.603343978406202797e-02
5.597003675309501602e+00,1.397117651254936491e-06
5.597780896981721099e+00,1.251750160259376774e-04
5.597811791801172276e+00,3.987002099983875226e-05
5.603754181497611064e+00,6.631370488211013603e-02
5.612875733355735086e+00,7.634224408493308733e-05
5.614385020483775968e+00,6.349572051629374762e-03
5.614418060983799919e+00,6.768976181691325512e-03
5.614473947050202085e+00,2.607943086238314779e-05
5.619710700528274927e+00,1.047704013631282731e-02
5.621027579927358353e+00,2.061540995663050435e-06
5.621114362209794102e+00,2.065184865550866805e-06
5.641333588138947697e+00,2.316423062274703315e-04
5.641557762171919066e+00,5.790032166154973755e-04
5.641691149051478504e+00,4.578924559790896638e-04
5.641914393801392258e+00,3.213433381197179097e-04
5.646568545339307299e+00,1.380781170819066275e-05
5.646729435685251097e+00,1.412939346026160293e-05
5.651602981061621733e+00,1.297642264829390515e-05
5.659919629953476417e+00,2.042563427904615610e-04
5.668413819239586537e+00,2.844672794616267378e-05
5.668728306578624476e+00,2.879101589413242130e-05
5.679178135211609302e+00,2.818361024716041084e-04
5.681789112833061317e+00,1.546494522284671603e-05
5.681849180262601884e+00,1.600604489804994759e-05
5.686975556837005286e+00,4.671955815157592673e-03
5.687168819689048860e+00,4.502032226346606818e-03
5.690621702146998473e+00,2.469341078281334911e-05
5.690761273856658420e+00,6.017817083548955906e-04
5.694735173553119978e+00,3.731251729732395269e-03
5.694968430612814991e+00,4.023626488713306568e-03
5.717910453636211976e+00,3.512260772922873128e-06
5.718065833604896397e+00,3.890030859723116526e-06
5.750365659940048779e+00,2.867473429978025998e-03
5.750566821431060127e+00,2.713438200975625773e-03
5.773047592151852925e+00,1.169002853802350583e-02
5.773283944983847782e+00,7.636899091984310738e-03
5.776179849452576676e+00,1.294254989892110060e-05
5.776702945688541924e+00,2.112491317693337544e-03
5.776765187585565009e+00,9.942039275785822302e-04
5.778030623972557400e+00,5.469240317429670029e-05
5.779140444907552521e+00,5.735441309766848433e-04
5.780527980862399495e+00,6.735189160725606194e-02
5.782925678820484805e+00,8.010752031536196027e-02
5.832069296969820016e+00,7.274636854844848291e-06
5.833171836649047037e+00,8.969129696174861846e-03
5.834110554868285448e+00,9.019779898136100552e-03
5.835971685210998849e+00,5.682126263852939081e-04
5.836091725744425140e+00,5.716526744123535128e-04
5.838369060544474465e+00,2.109580927290455202e-04
5.838471704968591247e+00,2.224319164325190491e-04
5.859459507581633808e+00,1.519008652495735037e-03
5.859538456229517855e+00,1.968229318754074510e-03
5.869775455604441916e+00,1.426977935220660309e-03
5.869955125857719835e+00,1.511928231022677824e-03
5.873136679235838820e+00,1.001630771565223809e-08
5.879269455573762571e+00,6.008718746521322294e-08
5.879355393581643163e+00,4.654256577057080556e-08
5.888073064392667533e+00,3.405177348708090406e-04
5.892583151609654735e+00,1.156609360898816496e-01
5.895018693092117346e+00,9.850144655173663499e-02
5.898367326543350053e+00,9.368985348381195233e-03
5.902965938115947608e+00,2.370066555116037699e-02
5.903653520573918456e+00,3.455758571078881847e-02
5.905371165468831229e+00,4.422993325989387755e-05
5.905433258101433935e+00,2.695800864158841097e-04
5.905623660231632321e+00,6.435044229606681765e-03
5.905633130165937494e+00,2.261870498341611493e-03
5.911120445866282047e+00,5.215343054329807902e-03
5.911570203225602782e+00,7.382821432940736561e-03
5.917862448936818787e+00,1.484282131385151304e-05
5.918293614162382532e+00,2.143824818588367928e-07
5.920561832595182317e+00,9.790380561162380021e-03
5.920573303921657704e+00,9.682772973728326349e-03
5.937619484153229266e+00,3.160928443979140259e-04
5.941856581311538932e+00,8.158339201924072644e-05
5.941916608663664334e+00,8.370155187367957141e-05
5.961579551590936887e+00,1.065954572220532449e-02
5.964671418744163844e+00,1.827080542614833644e-02
5.966378570502985035e+00,2.470541273789193110e-02
5.968237339842043632e+00,3.990999072874810744e-04
5.968493596795605427e+00,4.454745310738006045e-03
5.968683126295636576e+00,7.023176303888936482e-03
5.969726155928162470e+00,1.148236176346672209e-02
5.970030789220091449e+00,1.553085465845302276e-03
5.972877285615843412e+00,4.610093594470212469e-02
5.973428159078798316e+00,5.718734264962668790e-02
5.977904343696886613e+00,1.419496333861493210e-04
5.978048332864933201e+00,8.934225317840529623e-05
5.984242955103138861e+00,3.433775411485780887e-02
5.993618283120008883e+00,1.458840832651024178e-03
5.993676495020412887e+00,1.367240457606192774e-03
5.994345752782940906e+00,3.882232722369061920e-03
5.994527386365899879e+00,5.539107275589284828e-04
5.999496305671860874e+00,2.814407998336896030e-06
5.999556123523218432e+00,1.016372341554621567e-06
5.999582283774014257e+00,1.630859424937755584e-06
5.999641866994252837e+00,4.563804433167583481e-06
5.999951608613570464e+00,6.619856301282327563e-03
6.007135255505643201e+00,2.885713407683019216e-04
6.007700111272950672e+00,5.516380819079803096e-04
6.021756741905161192e+00,1.065456874172023206e-04
6.025614505105396645e+00,1.115772494416375851e-04
6.025885807476847766e+00,1.196380798864579665e-03
6.025946918280440379e+00,1.652696380600570314e-03
6.026099489245723362e+00,8.885191250958309871e-04
6.034224554416476316e+00,9.254416615088851498e-04
6.037398637486773190e+00,3.525960401421251566e-03
6.037809622572678947e+00,1.724348341850981447e-03
6.039457119270388752e+00,5.326892807731209781e-03
6.039748361933913401e+00,6.201333917228484850e-03
6.061939550978162394e+00,5.444737009477531380e-08
6.062088321716693429e+00,6.472405673316107402e-06
6.062140553850656310e+00,6.226641921099276228e-06
6.062203843786391211e+00,5.332922563559277231e-06
6.064858498086782568e+00,2.088696167471871985e-08
6.086012250352481168e+00,4.061658943302848417e-06
6.086798156875111054e+00,3.100442740505225852e-07
6.099975891885923041e+00,1.872625677994839248e-03
6.100242929963326510e+00,3.612836165069356072e-05
6.101050649456733588e+00,7.873213785083146496e-04
6.102488223459683780e+00,5.086138785775605638e-03
6.102492640373542443e+00,5.133404698101608904e-03
6.146339781546944714e+00,1.769707850867371923e-04
6.146505677647883914e+00,1.312418646972019290e-04
6.152291632472612015e+00,5.974513112883782489e-04
6.158243365750298182e+00,3.659419345647343827e-05
6.160430596831899308e+00,5.090242880037156026e-03
6.160548997698144902e+00,6.382873165354378472e-03
6.160689199700935426e+00,1.065640691039835674e-03
6.182018169685464137e+00,4.971829952115662445e-04
6.185323571112967045e+00,1.439391100625226185e-04
6.225324138557402520e+00,9.921795107662499755e-04
6.274783627101858663e+00,2.681000065070127678e-04
6.276021133117331452e+00,2.199890757099737448e-08
6.276166540514558356e+00,3.769931659289646800e-08
6.276341212696850747e+00,4.758273451817204605e-08
6.276486557100979802e+00,2.395051445948735674e-08
6.285543629503924201e+00,7.435541446672074700e-04
6.288139106441112958e+00,9.802226930017169867e-05
6.292022286100166006e+00,6.875448949079525406e-04
6.292983983269500037e+00,4.478654218127066529e-04
6.304567460803585988e+00,4.786328764325916210e-03
6.333731496217811063e+00,1.025882615596470948e-08
6.333876891861387470e+00,1.386580970410651543e-08
6.334023196599603445e+00,1.918633271280608836e-08
6.334168550677142129e+00,1.062402668496098456e-08
6.335899010883425220e+00,7.409322069850907968e-05
6.336017767283331992e+00,4.967504738531861128e-05
6.337187171350299408e+00,3.190154330425881918e-07
6.339171492340032188e+00,2.330121682481857534e-04
6.339570029151803787e+00,5.309598357394266751e-04
6.339646126942824367e+00,6.263312450106633868e-04
6.349048074099960637e+00,1.186527593742697957e-03
6.349483621830074753e+00,1.114960559573916626e-03
6.382074739671878660e+00,9.937352052652234234e-05
6.397667007944305873e+00,9.353325312192361558e-09
6.397752945094171473e+00,9.943358306239678293e-09
6.416642226826313689e+00,5.533864143332590038e-04
6.423776518324137541e+00,3.870392809063267830e-04
6.423937362486807245e+00,3.872271174337365879e-04
6.436661579291693691e+00,5.330103884213932111e-08
6.460219099358614159e+00,9.738781169185536577e-05
6.460278572576454437e+00,9.736640302920152685e-05
6.469443308744582843e+00,1.217456107730433869e-02
6.469503064024064720e+00,1.216821379581626249e-02
6.479203387047509644e+00,1.349210540069911480e-05
6.480866208295407382e+00,2.281639542708948764e-03
6.481011225249553753e+00,2.258729311983614409e-03
6.489306201053929080e+00,3.188295165278143880e-03
6.497499889693189701e+00,9.951659895805393258e-03
6.509802556458694767e+00,3.149007138719560647e-10
6.509947943817575577e+00,7.891568912964958470e-11
6.513145307613872781e+00,1.240745387063129377e-08
6.513185088690581104e+00,1.258235536702976587e-08
6.513290685362610688e+00,1.181401305059019251e-08
6.513330462638998952e+00,1.118868221061827408e-08
6.530191954905324003e+00,1.718278836634197302e-06
6.532139010244068622e+00,2.198602138731971245e-03
6.532272323449574536e+00,2.604670911843260522e-03
6.536658235776402925e+00,1.682178543826779067e-03
6.591628824953225774e+00,5.314615130389511652e-03
6.598495757921082117e+00,3.453877712765000829e-03
6.598881851176495061e+00,1.751293641281924818e-03
6.600159544197683026e+00,4.762046334042696095e-03
6.600526670879906632e+00,5.623888684472273629e-03
6.605403397709501689e+00,3.660730460750752630e-07
6.605488207225938879e+00,6.308125909276645483e-07
6.605489595138533510e+00,7.530734869863170324e-07
6.605573928348198898e+00,4.923111034326852579e-07
6.631309380124909225e+00,4.280340884453323976e-07
6.634329423887964872e+00,3.609642565052487585e-04
6.634489507581675660e+00,3.167710650062443450e-04
6.638024791716014228e+00,2.262305734417544706e-02
6.644667645833710168e+00,2.597819679266966504e-05
6.649045775888959398e+00,3.357114496260349672e-03
6.650016196829804827e+00,6.445241983683744043e-04
6.650155787584105305e+00,4.932425831586596723e-04
6.652170609496568687e+00,2.501166350787424261e-03
6.654384729108428154e+00,8.346151548026540743e-07
6.654529838964460708e+00,6.094365901813200033e-07
6.654693930861628637e+00,2.420091427867896800e-07
6.654699251677976157e+00,5.024697746586984533e-07
6.654779595109122425e+00,1.683891149100333552e-07
6.654844754410500940e+00,8.658113607073535667e-07
6.660622691792634775e+00,2.370413033830689152e-03
6.662775014495623260e+00,4.143368937589590739e-03
6.667753822792678697e+00,3.748448473298568048e-06
6.668088483330686600e+00,4.355195281895798037e-05
6.668102282797795155e+00,2.261091035644572958e-05
6.668469773652542898e+00,2.048735968028924802e-04
6.669934809927302588e+00,5.471289027692605007e-06
6.674639582319474407e+00,4.633164529554321780e-03
6.674860852197007866e+00,4.177188920500038254e-03
6.679894496864955400e+00,3.300673214610310466e-07
6.680214491086356787e+00,2.762781517424358124e-07
6.685072277563062215e+00,5.985595918012317444e-04
6.685203506749616054e+00,5.606772589417987609e-04
6.693877648636385125e+00,2.296180652820767332e-02
6.703834579609068811e+00,6.354855325778738763e-06
6.703979659754186748e+00,5.178545074946912827e-06
6.703986651956941323e+00,5.859538978513206374e-06
6.704131707961539455e+00,4.708612088616212153e-06
6.713191640436554586e+00,2.051113197779005925e-04
6.717225522031442964e+00,7.476289755952896584e-05
6.717268097867586718e+00,8.427777076655803353e-05
6.721772324598171089e+00,5.337604447953154738e-03
6.722403496405135570e+00,4.824779496745318016e-03
6.737605908429174839e+00,2.126186107507360952e-07
6.737897906463332198e+00,1.592322614790421037e-07
6.764733217317915326e+00,1.404600565498943913e-07
6.764878548426653815e+00,2.180854747981754343e-07
6.767731129538926638e+00,1.324125214937406717e-02
6.767828520071070386e+00,1.295121121946135427e-02
6.790715355390767982e+00,4.441888996845637892e-03
6.797261287756956705e+00,5.211909280615500267e-03
6.839176106591986048e+00,2.335822827810412868e-04
6.873304297516265926e+00,2.299197815258253844e-07
6.873449822667237363e+00,2.076399680108344661e-08
6.896935911670540875e+00,4.264623165882080491e-06
6.897299553045865395e+00,1.635302653360554848e-06
6.905623995733416898e+00,4.632775610485541352e-04
6.908161565461826470e+00,4.167526885555218955e-04
6.913615886617291650e+00,5.669949863552782018e-05
6.917039631417903678e+00,1.920677709011577264e-06
6.917083772701134947e+00,4.814263660856740481e-06
6.934607216046483558e+00,2.034821114738875544e-02
6.950296766019911310e+00,3.655026923544064162e-04
6.951232928577876891e+00,4.521093364391831713e-04
6.955301003849235109e+00,1.088996223225909566e-05
6.955650123602747037e+00,2.698524517224440411e-05
7.007595497499162995e+00,6.488872825718679113e-07
7.007740692663785076e+00,1.425228799329387074e-06
7.018449760153896655e+00,1.370012383615873226e-05
7.019355087610684940e+00,7.608123682328453316e-06
7.020369119559699556e+00,3.100978239839427845e-06
7.020504634779693554e+00,6.540585731738776754e-06
7.058266275233113340e+00,3.761881279915037723e-06
7.058580898701645623e+00,3.391711974646324350e-06
7.059545910662104795e+00,2.230777335454940736e-08
7.067863936426191707e+00,8.865867122712379469e-04
7.068300209379951404e+00,7.265329911270642933e-05
7.068619317195969920e+00,2.058081489771405184e-05
7.107717438605464011e+00,1.223250417570170931e-04
7.107870212160418255e+00,1.273387949819892615e-04
7.116678222656020125e+00,8.634745611381869912e-01
7.116970443172590421e+00,8.636380667741145878e-01
7.117190555630159565e+00,6.643719764969270190e-04
7.130015786216835849e+00,5.782248698658194698e-04
7.132698300455361462e+00,6.571642662944575039e-03
7.132797776703327486e+00,6.197593165557038937e-03
7.138007985025320856e+00,9.451356371383754645e-03
7.138313209544975280e+00,9.944206216151094124e-03
7.157380698291752275e+00,1.178599705374186631e-02
7.168991545158144518e+00,4.556596878879810831e-04
7.172719157345841978e+00,6.518708312448530549e-08
7.181123140251123971e+00,1.545749509632831232e-06
7.181227177340073098e+00,1.136946297157057895e-06
7.276449209157171971e+00,2.576965838423748035e-04
7.276757372056973594e+00,2.640761678798103380e-04
7.277380558427482882e+00,4.819239025447423800e-04
7.292737901700401260e+00,4.678546935649722377e-02
7.293068439246861878e+00,1.820384225464630505e-04
7.293135320897268237e+00,4.256138949412606172e-04
7.296549921638208147e+00,1.451979575194856491e-06
7.297710466372261173e+00,1.787074993008284148e-03
7.297735930451824338e+00,1.676216764869074014e-03
7.304445318142464671e+00,1.509137136014105382e-03
7.325368214038384451e+00,4.770652304982820149e-04
7.325534997218548838e+00,4.583736507165674730e-04
7.328599329484077884e+00,2.575580642893586514e-03
7.328916751980885103e+00,2.588055490244138817e-03
7.370950283936711145e+00,2.881853311820912599e-03
7.371030465213436855e+00,2.841019642937575758e-03
7.390419073680373430e+00,5.796346594446560814e-05
7.410290880839108141e+00,4.282056339554167132e-03
7.412364442462298975e+00,4.554918107794087706e-03
7.413579018032986134e+00,7.900790756686865493e-03
7.424326845249654916e+00,7.908493120238534678e-05
7.428771299814436624e+00,4.850544368680206829e-06
7.429423972108473606e+00,1.426134678158090877e-02
7.437926446690780402e+00,9.852710435628355692e-06
7.450147692848073433e+00,7.362105438553181481e-04
7.455367583314248314e+00,1.010757354209351316e-04
7.456321513441299231e+00,3.712165360964212341e-05
7.460636488317931025e+00,3.550971909863820559e-03
7.460958480628092637e+00,3.602679574402948507e-03
7.487828953652133634e+00,4.880839689301950523e-06
7.497963758143176172e+00,2.898877210632909559e-05
7.518574210702681171e+00,2.315621902413926916e-03
7.518825137921512081e+00,2.272801665889628668e-03
7.542282515334369108e+00,8.851554351598664452e-06
7.551914306884507155e+00,4.356487323234658690e-03
7.551964740289769829e+00,4.343280020801544225e-03
7.617776974901545373e+00,2.012278080990852501e-05
7.627710996445876468e+00,9.169282358085964046e-05
7.655928434099303459e+00,7.746748557247309193e-04
7.659575635566359786e+00,1.722321800355936005e-03
7.660326332463639254e+00,1.832837215312588860e-03
7.662416859911460598e+00,2.444101541698094323e-04
7.663334831856858820e+00,5.085140558361096654e-04
7.665632667352737961e+00,2.238121049607497774e-06
7.672840860832871535e+00,2.093484202996899295e-03
7.683627308204243889e+00,9.833114587914854390e-04
7.694963907493003852e+00,5.761892863348986281e-03
7.695003275070846804e+00,5.883999714164020456e-03
7.706673489450989400e+00,8.353408549283467118e-05
7.708819145555979802e+00,4.125179044127838994e-06
7.718337322650894450e+00,3.803908638741316363e-06
7.724323289903527900e+00,1.650478493299009858e-03
7.724657176974779382e+00,4.452974143027414733e-03
7.724750378488017155e+00,2.914588525117771823e-03
7.767745135120477151e+00,5.324257769703783340e-04
7.770350029275751247e+00,1.012291873286976277e-04
7.785925680917528346e+00,5.924523167083602278e-03
7.791591335986582045e+00,3.078011244135751834e-03
7.801441535822839057e+00,1.640213046879577434e-03
7.801838593367438790e+00,6.917829875737255621e-03
7.835984832262949062e+00,1.737710968701271785e-01
7.838757588455570691e+00,4.886482380734161364e-03
7.839134760835803739e+00,7.302262355175075451e-03
7.877978135918001890e+00,1.670939070846354799e-04
7.882018663397876601e+00,7.934823205028735662e-04
7.895016220727783640e+00,3.682193941060334097e-03
7.896265733784121110e+00,1.949405854390179023e-03
7.898378926477671591e+00,1.552679342504802683e-03
7.899687580369279871e+00,4.842677265485164219e-04
7.899841968584577323e+00,4.350023947099121956e-04
7.902389662011121807e+00,1.847457339275512071e-05
7.904113524952185443e+00,3.649644878182381480e-03
7.904769081301959766e+00,3.608649596191050753e-03
7.943235097933706079e+00,2.094945958872656416e-02
7.952563317269108367e+00,8.788677346624110655e-04
7.952808228577602279e+00,2.149996250735681071e-04
7.952929696625501421e+00,2.975820762274562705e-04
7.968786399667681764e+00,1.401393891018687908e-02
8.045939366056725106e+00,2.439397052515817916e-03
8.045999653582489586e+00,4.197190156047885500e-03
8.046342718814047501e+00,4.647012898350295906e-03
8.056899472557129016e+00,1.200220254721052517e-02
8.093783027153243381e+00,3.636839273661215634e-06
8.093999998850009092e+00,3.283963691589726283e-06
8.103337962190831689e+00,7.157830846658200270e-06
8.112042012640824140e+00,5.010845013423221618e-03
8.117035257869506637e+00,9.383192237855667722e-03
8.117942748130207775e+00,9.518228771992558526e-03
8.154020185936177612e+00,2.095615291996427796e-03
8.154443607106221847e+00,2.152500584394314524e-03
8.192594762662773533e+00,5.977746531555169600e-03
8.199986668872238482e+00,3.787473608131511696e-03
8.221434352174881610e+00,6.460617639328093686e-02
8.230229791214123125e+00,5.667652621166899274e-02
8.256587854893995271e+00,5.333639128355661951e-02
8.311797910160590774e+00,2.037498588282829568e-03
8.320876199849292831e+00,1.249279626833559942e-03
8.342777297243868517e+00,3.703017993534492378e-03
8.401519410257973774e+00,4.471930739764392042e-04
8.426519689867506102e+00,1.560417844306420491e-03
8.431749506308612752e+00,2.715725142384114912e-03
8.683761008299534012e+00,3.727654049414107218e-02
8.719385958061236508e+00,3.785960161180765282e-02
8.769597489969799042e+00,4.611276664366643074e-01
8.803638519269149754e+00,1.404773916771932633e-02
